{
	"info": {
		"_postman_id": "a4277a03-a1a4-451b-8438-a674c5404150",
		"name": "CRUD_tag",
		"schema": "https://schema.getpostman.com/json/collection/v2.1.0/collection.json",
		"_exporter_id": "20464685"
	},
	"item": [
		{
			"name": "CreateTag",
			"request": {
				"auth": {
					"type": "bearer",
					"bearer": [
						{
							"key": "token",
							"value": "eyJhbGciOiJIUzI1NiIsInR5cCI6IkpXVCJ9.eyJ1aWQiOiI0ODU2N2M0Zi1hYmY3LTRlZDItYjA2Ni04Y2VmNmQ2MGJjYzYiLCJlbWFpbCI6InJvb3RAcm9vdC5jb20iLCJuaWNrbmFtZSI6InJvb3QiLCJpYXQiOjE2NjA0MDQyNjUsImV4cCI6MTY2MDQwNjA2NX0.JWq1djqXbx7J4-WKnRKdmX9LBZZeGOSC6w0ZxbWfWCU",
							"type": "string"
						}
					]
				},
				"method": "POST",
				"header": [],
				"body": {
					"mode": "raw",
					"raw": "{\n  \"name\": \"example2\",\n  \"sortOrder\": \"4\"\n}",
					"options": {
						"raw": {
							"language": "json"
						}
					}
				},
				"url": {
					"raw": "{{host}}/tag",
					"host": [
						"{{host}}"
					],
					"path": [
						"tag"
					]
				}
			},
			"response": []
		},
		{
			"name": "GetTag",
			"request": {
				"auth": {
					"type": "bearer",
					"bearer": [
						{
							"key": "token",
							"value": "eyJhbGciOiJIUzI1NiIsInR5cCI6IkpXVCJ9.eyJ1aWQiOiI0ODU2N2M0Zi1hYmY3LTRlZDItYjA2Ni04Y2VmNmQ2MGJjYzYiLCJlbWFpbCI6InJvb3RAcm9vdC5jb20iLCJuaWNrbmFtZSI6InJvb3QiLCJpYXQiOjE2NjA0NzE4NTUsImV4cCI6MTY2MDQ3MzY1NX0.rkKLCuCH2R-azTJBfjRZ4RmGXV-VxoryOQTkx09PYpA",
							"type": "string"
						}
					]
				},
				"method": "GET",
				"header": [],
				"url": {
					"raw": "{{host}}/tag?sortByOrder&sortByName&offset=2&length=3",
					"host": [
						"{{host}}"
					],
					"path": [
						"tag"
					],
					"query": [
						{
							"key": "sortByOrder",
							"value": null
						},
						{
							"key": "sortByName",
							"value": null
						},
						{
							"key": "offset",
							"value": "2"
						},
						{
							"key": "length",
							"value": "3"
						}
					]
				}
			},
			"response": []
		},
		{
			"name": "UpdateTag",
			"request": {
				"auth": {
					"type": "bearer",
					"bearer": [
						{
							"key": "token",
							"value": "eyJhbGciOiJIUzI1NiIsInR5cCI6IkpXVCJ9.eyJ1aWQiOiI4NzFmNGU1Ni04MmE4LTRiNmQtYTg4Ny01ZDcxYjJiZWUzNzAiLCJlbWFpbCI6InJvb3QxQHJvb3QuY29tIiwibmlja25hbWUiOiJyb290MSIsImlhdCI6MTY2MDQ3NTU3NiwiZXhwIjoxNjYwNDc3Mzc2fQ.MsDOUpbdBgzEvMiL6CtenIX7SLnBiDl_YPO20yHL6IA",
							"type": "string"
						}
					]
				},
				"method": "PUT",
				"header": [],
				"body": {
					"mode": "raw",
					"raw": "{\n  \"name\": \"qqq\",\n  \"sortOrder\": \"7\"\n}",
					"options": {
						"raw": {
							"language": "json"
						}
					}
				},
				"url": {
					"raw": "{{host}}/tag/5",
					"host": [
						"{{host}}"
					],
					"path": [
						"tag",
						"5"
					]
				}
			},
			"response": []
		},
		{
			"name": "DeleteTag",
			"request": {
				"auth": {
					"type": "bearer",
					"bearer": [
						{
							"key": "token",
							"value": "eyJhbGciOiJIUzI1NiIsInR5cCI6IkpXVCJ9.eyJ1aWQiOiI0ODU2N2M0Zi1hYmY3LTRlZDItYjA2Ni04Y2VmNmQ2MGJjYzYiLCJlbWFpbCI6InJvb3RAcm9vdC5jb20iLCJuaWNrbmFtZSI6InJvb3QiLCJpYXQiOjE2NjA0Nzc3NzMsImV4cCI6MTY2MDQ3OTU3M30.lZxcVkzqZ7FSiFVL3RsVXRVyvKDCdklLJeaIMsVBrGw",
							"type": "string"
						}
					]
				},
				"method": "DELETE",
				"header": [],
				"url": {
					"raw": "{{host}}/tag/5",
					"host": [
						"{{host}}"
					],
					"path": [
						"tag",
						"5"
					]
				}
			},
			"response": []
		}
	]
}