{
	"info": {
		"_postman_id": "be34f2af-ad88-4566-bb8a-566bddcf7572",
		"name": "CRUD_user",
		"schema": "https://schema.getpostman.com/json/collection/v2.1.0/collection.json",
		"_exporter_id": "20464685"
	},
	"item": [
		{
			"name": "Registration",
			"request": {
				"method": "POST",
				"header": [],
				"body": {
					"mode": "raw",
					"raw": "{\n  \"email\": \"root@root.com\",\n  \"password\": \"YO.snaiper1@mail.ru\",\n  \"nickname\": \"root\"\n}",
					"options": {
						"raw": {
							"language": "json"
						}
					}
				},
				"url": {
					"raw": "{{host}}/signin",
					"host": [
						"{{host}}"
					],
					"path": [
						"signin"
					]
				}
			},
			"response": []
		},
		{
			"name": "Login",
			"request": {
				"method": "POST",
				"header": [],
				"body": {
					"mode": "raw",
					"raw": "{\n  \"email\": \"root@root.com\",\n  \"password\": \"YO.snaiper1@mail.ru\"\n}",
					"options": {
						"raw": {
							"language": "json"
						}
					}
				},
				"url": {
					"raw": "{{host}}/login",
					"host": [
						"{{host}}"
					],
					"path": [
						"login"
					]
				}
			},
			"response": []
		},
		{
			"name": "Logout",
			"request": {
				"auth": {
					"type": "bearer",
					"bearer": [
						{
							"key": "token",
							"value": "eyJhbGciOiJIUzI1NiIsInR5cCI6IkpXVCJ9.eyJ1aWQiOiI4Y2QzZDRiNC1iMzQ5LTQ2OTMtOTZiOC0yYmU0MTkwNDRiODEiLCJlbWFpbCI6InJvb3RAcm9vdC5jb20iLCJuaWNrbmFtZSI6InJvb3QiLCJpYXQiOjE2NjAzOTkxNjksImV4cCI6MTY2MDQwMDk2OX0.tNPyYB-iJ1CYDt7JlKYHbna6ZiJZAH2LVkg40-bBZwI",
							"type": "string"
						}
					]
				},
				"method": "POST",
				"header": [],
				"url": {
					"raw": "{{host}}/logout",
					"host": [
						"{{host}}"
					],
					"path": [
						"logout"
					]
				}
			},
			"response": []
		},
		{
			"name": "Refresh",
			"request": {
				"auth": {
					"type": "bearer",
					"bearer": [
						{
							"key": "token",
							"value": "eyJhbGciOiJIUzI1NiIsInR5cCI6IkpXVCJ9.eyJ1aWQiOiI0ODU2N2M0Zi1hYmY3LTRlZDItYjA2Ni04Y2VmNmQ2MGJjYzYiLCJlbWFpbCI6InJvb3RAcm9vdC5jb20iLCJuaWNrbmFtZSI6InJvb3QiLCJpYXQiOjE2NjA0NjgwMjMsImV4cCI6MTY2MDY0MDgyM30.Lvyk7bdWq1jIUpXPNbrUw_fSNnVksC8D2gVzi_qdZPU",
							"type": "string"
						}
					]
				},
				"method": "GET",
				"header": [],
				"url": {
					"raw": "{{host}}/refresh",
					"host": [
						"{{host}}"
					],
					"path": [
						"refresh"
					]
				}
			},
			"response": []
		},
		{
			"name": "GetUser",
			"request": {
				"auth": {
					"type": "bearer",
					"bearer": [
						{
							"key": "token",
							"value": "eyJhbGciOiJIUzI1NiIsInR5cCI6IkpXVCJ9.eyJ1aWQiOiI4Y2QzZDRiNC1iMzQ5LTQ2OTMtOTZiOC0yYmU0MTkwNDRiODEiLCJlbWFpbCI6InJvb3RAcm9vdC5jb20iLCJuaWNrbmFtZSI6InJvb3QiLCJpYXQiOjE2NjAzOTkyODMsImV4cCI6MTY2MDQwMTA4M30.1SOEl7NFJeQibJNunjBnBFgfkNiubhxi4bHz5KjrJ5Y",
							"type": "string"
						}
					]
				},
				"method": "GET",
				"header": [],
				"url": {
					"raw": "{{host}}/user",
					"host": [
						"{{host}}"
					],
					"path": [
						"user"
					]
				}
			},
			"response": []
		},
		{
			"name": "UpdateUser",
			"request": {
				"auth": {
					"type": "bearer",
					"bearer": [
						{
							"key": "token",
							"value": "eyJhbGciOiJIUzI1NiIsInR5cCI6IkpXVCJ9.eyJ1aWQiOiI4Y2QzZDRiNC1iMzQ5LTQ2OTMtOTZiOC0yYmU0MTkwNDRiODEiLCJlbWFpbCI6InJvb3RAcm9vdC5jb20iLCJuaWNrbmFtZSI6InJvb3QiLCJpYXQiOjE2NjAzOTkyODMsImV4cCI6MTY2MDQwMTA4M30.1SOEl7NFJeQibJNunjBnBFgfkNiubhxi4bHz5KjrJ5Y",
							"type": "string"
						}
					]
				},
				"method": "PUT",
				"header": [],
				"body": {
					"mode": "raw",
					"raw": "{\n  \"email\": \"root@root.com\",\n  \"password\": \"YO.snaiper1@mail.ru\",\n  \"nickname\": \"root\"\n}",
					"options": {
						"raw": {
							"language": "json"
						}
					}
				},
				"url": {
					"raw": "{{host}}/user",
					"host": [
						"{{host}}"
					],
					"path": [
						"user"
					]
				}
			},
			"response": []
		},
		{
			"name": "DeleteUser",
			"request": {
				"auth": {
					"type": "bearer",
					"bearer": [
						{
							"key": "token",
							"value": "eyJhbGciOiJIUzI1NiIsInR5cCI6IkpXVCJ9.eyJ1aWQiOiI4Y2QzZDRiNC1iMzQ5LTQ2OTMtOTZiOC0yYmU0MTkwNDRiODEiLCJlbWFpbCI6InJvb3RAcm9vdC5jb20iLCJuaWNrbmFtZSI6InJvb3QiLCJpYXQiOjE2NjAzOTkyODMsImV4cCI6MTY2MDQwMTA4M30.1SOEl7NFJeQibJNunjBnBFgfkNiubhxi4bHz5KjrJ5Y",
							"type": "string"
						}
					]
				},
				"method": "DELETE",
				"header": [],
				"url": {
					"raw": "{{host}}/user",
					"host": [
						"{{host}}"
					],
					"path": [
						"user"
					]
				}
			},
			"response": []
		}
	]
}