{
	"info": {
		"_postman_id": "926d1923-26da-4bf7-b1bf-f37e0d65c032",
		"name": "CRUD_user_tags",
		"schema": "https://schema.getpostman.com/json/collection/v2.1.0/collection.json",
		"_exporter_id": "20464685"
	},
	"item": [
		{
			"name": "CreateUserTags",
			"request": {
				"auth": {
					"type": "bearer",
					"bearer": [
						{
							"key": "token",
							"value": "eyJhbGciOiJIUzI1NiIsInR5cCI6IkpXVCJ9.eyJ1aWQiOiI0ODU2N2M0Zi1hYmY3LTRlZDItYjA2Ni04Y2VmNmQ2MGJjYzYiLCJlbWFpbCI6InJvb3RAcm9vdC5jb20iLCJuaWNrbmFtZSI6InJvb3QiLCJpYXQiOjE2NjA0OTA2NjEsImV4cCI6MTY2MDQ5MjQ2MX0.Z5YPDzqyX_2YOBLdnab4sErYDYN9FOTd2wRTORdr68g",
							"type": "string"
						}
					]
				},
				"method": "POST",
				"header": [],
				"body": {
					"mode": "raw",
					"raw": "{\n  \"tags\": \"\"\n}",
					"options": {
						"raw": {
							"language": "json"
						}
					}
				},
				"url": {
					"raw": "{{host}}/user/tag",
					"host": [
						"{{host}}"
					],
					"path": [
						"user",
						"tag"
					]
				}
			},
			"response": []
		},
		{
			"name": "DeleteUserTag",
			"request": {
				"auth": {
					"type": "bearer",
					"bearer": [
						{
							"key": "token",
							"value": "eyJhbGciOiJIUzI1NiIsInR5cCI6IkpXVCJ9.eyJ1aWQiOiI0ODU2N2M0Zi1hYmY3LTRlZDItYjA2Ni04Y2VmNmQ2MGJjYzYiLCJlbWFpbCI6InJvb3RAcm9vdC5jb20iLCJuaWNrbmFtZSI6InJvb3QiLCJpYXQiOjE2NjA0OTE2MDEsImV4cCI6MTY2MDQ5MzQwMX0.mU2BiEZJ7p6RzpeEkAOGnb53GEiUFq4XB_AV_qLLjvg",
							"type": "string"
						}
					]
				},
				"method": "DELETE",
				"header": [],
				"url": {
					"raw": "{{host}}/user/tag/5",
					"host": [
						"{{host}}"
					],
					"path": [
						"user",
						"tag",
						"5"
					]
				}
			},
			"response": []
		},
		{
			"name": "GetAllUserTags",
			"request": {
				"auth": {
					"type": "bearer",
					"bearer": [
						{
							"key": "token",
							"value": "eyJhbGciOiJIUzI1NiIsInR5cCI6IkpXVCJ9.eyJ1aWQiOiI0ODU2N2M0Zi1hYmY3LTRlZDItYjA2Ni04Y2VmNmQ2MGJjYzYiLCJlbWFpbCI6InJvb3RAcm9vdC5jb20iLCJuaWNrbmFtZSI6InJvb3QiLCJpYXQiOjE2NjA0OTIyODYsImV4cCI6MTY2MDQ5NDA4Nn0._8PQQ2VZzCsHqa6DmcpjvAU1da4ETvM0i_NTxitVKTw",
							"type": "string"
						}
					]
				},
				"method": "GET",
				"header": [],
				"url": {
					"raw": "{{host}}/user/tag/my",
					"host": [
						"{{host}}"
					],
					"path": [
						"user",
						"tag",
						"my"
					]
				}
			},
			"response": []
		}
	]
}